platform,content_type,day_of_week,hour,followers,hashtags,likes,comments,shares,reach,engagement_rate
TikTok,Text,Wednesday,19,1343,3,25,1,0,571,0.0298
Instagram,Carousel,Saturday,8,4043,9,34,2,1,1641,0.013
Instagram,Video,Sunday,13,3151,15,41,1,2,583,0.0195
Instagram,Text,Thursday,15,6566,7,39,3,2,3391,0.0106
Instagram,Image,Tuesday,17,11084,16,49,5,3,6315,0.0081
Facebook,Image,Sunday,6,1783,8,3,0,0,662,0.0024
Instagram,Carousel,Monday,1,486,9,2,0,0,240,0.0091
LinkedIn,Text,Tuesday,6,13318,10,356,20,11,6190,0.0516
LinkedIn,Text,Monday,11,1996,7,71,6,1,638,0.0699
Instagram,Text,Monday,10,31423,7,184,18,4,4351,0.0094
Instagram,Video,Tuesday,16,3243,14,35,2,2,850,0.0192
Instagram,Image,Saturday,6,4500,25,18,0,0,1389,0.0055
Instagram,Video,Thursday,9,3925,17,42,1,1,876,0.0173
LinkedIn,Carousel,Friday,9,9447,15,397,21,29,2076,0.0816
Instagram,Image,Saturday,9,44991,7,426,26,23,18750,0.0132
TikTok,Video,Monday,7,147378,26,2378,118,142,74389,0.027
TikTok,Video,Monday,17,20554,4,354,14,26,11071,0.0286
Instagram,Carousel,Tuesday,23,622,30,7,0,0,120,0.0154
Instagram,Carousel,Wednesday,20,32241,26,465,46,26,12585,0.0185
TikTok,Text,Monday,0,10532,21,61,3,3,2302,0.0084
TikTok,Carousel,Sunday,18,15171,15,206,10,10,8942,0.0197
TikTok,Text,Wednesday,19,489741,15,6401,608,189,54928,0.0234
LinkedIn,Video,Thursday,13,20140,23,1848,110,89,7776,0.1168
Twitter,Video,Friday,12,4147,5,6,0,0,1596,0.0025
Instagram,Image,Saturday,11,2246,9,17,0,1,845,0.0105
Instagram,Image,Tuesday,20,8399,15,144,12,8,4181,0.0233
Facebook,Video,Thursday,15,137905,10,602,71,41,73117,0.008
Instagram,Video,Sunday,11,8923,23,62,5,0,1122,0.0125
TikTok,Image,Sunday,7,1139,23,6,0,0,357,0.0103
LinkedIn,Video,Tuesday,7,13051,22,645,35,49,6120,0.0709
LinkedIn,Image,Sunday,4,1372,3,35,1,0,350,0.0433
Twitter,Video,Tuesday,18,3555,14,8,0,0,1931,0.0035
Instagram,Video,Wednesday,14,14875,5,179,15,2,5844,0.0232
Twitter,Image,Tuesday,15,11389,25,10,1,0,2315,0.0013
Instagram,Video,Saturday,1,12350,2,70,7,0,6264,0.0096
Instagram,Video,Friday,11,15882,16,183,14,9,7398,0.0184
Instagram,Video,Sunday,21,5845,23,96,3,7,2061,0.0227
Facebook,Video,Wednesday,6,4372,29,19,1,0,619,0.0062
Instagram,Image,Thursday,17,25745,24,214,15,3,9648,0.0158
TikTok,Text,Wednesday,18,9275,25,123,6,4,5063,0.0212
Instagram,Image,Saturday,23,923,25,5,0,0,265,0.0075
Instagram,Carousel,Saturday,18,2471,13,21,1,1,1162,0.0148
Facebook,Carousel,Sunday,18,16967,11,79,8,2,9868,0.008
Instagram,Text,Friday,10,6297,21,28,1,0,1556,0.0086
Twitter,Carousel,Wednesday,21,216361,8,252,18,8,84776,0.0021
Instagram,Text,Wednesday,17,459,25,3,0,0,234,0.0096
Twitter,Carousel,Sunday,21,1277,12,1,0,0,368,0.002
LinkedIn,Image,Wednesday,20,6823,12,526,18,37,3455,0.1325
Twitter,Text,Friday,15,32410,11,20,0,0,7693,0.0011
Instagram,Text,Tuesday,11,13339,16,88,6,6,5014,0.0091
LinkedIn,Text,Monday,15,161,24,4,0,0,65,0.0415
Twitter,Image,Tuesday,12,30610,10,34,3,1,12582,0.0017
Facebook,Text,Thursday,13,16173,2,44,3,1,3308,0.0054
LinkedIn,Video,Sunday,7,14043,5,585,64,25,6091,0.0691
Instagram,Video,Wednesday,19,1187,0,14,1,0,649,0.0178
Instagram,Video,Wednesday,4,17533,2,221,24,3,4180,0.0166
Facebook,Carousel,Friday,23,26890,7,137,10,8,3527,0.007
Instagram,Video,Wednesday,21,821035,3,15361,1197,414,192632,0.0295
TikTok,Video,Monday,20,9071,7,197,14,6,3849,0.0362
TikTok,Image,Saturday,15,4184,3,58,3,3,1612,0.0238
TikTok,Text,Friday,21,5946,26,29,2,0,3098,0.0093
Instagram,Video,Friday,23,5662,30,51,5,1,1049,0.012
LinkedIn,Text,Sunday,14,52206,6,1724,162,41,24438,0.0418
TikTok,Carousel,Saturday,10,1467,14,25,0,0,245,0.0262
Instagram,Text,Friday,17,292090,24,1103,117,68,88871,0.0071
Twitter,Text,Tuesday,8,9226,17,6,0,0,1852,0.001
Instagram,Video,Friday,9,24675,9,312,28,12,11273,0.0187
Facebook,Image,Monday,18,757,27,2,0,0,311,0.0064
Instagram,Text,Sunday,18,2158,27,12,1,0,1292,0.0092
Facebook,Carousel,Wednesday,18,9021,23,57,3,3,1401,0.0084
Facebook,Video,Sunday,19,4267,22,21,1,1,1584,0.0071
Instagram,Video,Wednesday,22,1384,13,13,1,0,234,0.017
Instagram,Video,Thursday,15,49387,11,624,23,10,25692,0.0243
Twitter,Video,Friday,23,365140,12,377,22,24,37359,0.002
TikTok,Image,Monday,20,7345,14,207,17,2,4086,0.0364
Instagram,Image,Thursday,12,5730,17,71,2,4,1083,0.0182
Twitter,Video,Saturday,20,1086,9,1,0,0,542,0.0023
TikTok,Image,Monday,3,382655,2,3448,244,161,122595,0.0123
TikTok,Image,Sunday,6,3457,23,24,2,1,1729,0.0122
Twitter,Carousel,Sunday,17,23920,0,12,1,0,10198,0.001
Instagram,Video,Saturday,16,639,2,5,0,0,103,0.012
Facebook,Image,Tuesday,20,3699,8,23,1,0,1524,0.0103
TikTok,Image,Tuesday,20,4757,17,124,8,2,1628,0.0328
TikTok,Carousel,Tuesday,16,3183,25,67,5,1,751,0.0265
Instagram,Text,Friday,19,2592,12,20,1,0,440,0.0121
Instagram,Video,Wednesday,16,98539,5,1800,121,66,35420,0.0236
Instagram,Video,Wednesday,8,10105,2,129,8,9,4656,0.0171
LinkedIn,Text,Sunday,17,9348,6,209,11,10,1175,0.0441
TikTok,Image,Tuesday,16,337,10,4,0,0,111,0.0236
Instagram,Video,Thursday,17,20593,11,159,17,3,11843,0.0147
TikTok,Video,Saturday,22,22866,23,521,45,40,12614,0.0318
LinkedIn,Carousel,Monday,22,27659,1,1718,97,128,16195,0.0876
Twitter,Image,Saturday,4,62003,19,43,2,2,21113,0.001
Facebook,Image,Tuesday,18,6122,16,32,1,1,3324,0.0071
LinkedIn,Video,Sunday,13,4202,28,133,4,1,606,0.0611
Instagram,Image,Thursday,23,4153,13,59,3,1,1151,0.0198
Instagram,Video,Saturday,15,16157,1,119,7,2,9342,0.0139
Facebook,Video,Thursday,12,259000,5,1899,96,144,110029,0.0092
LinkedIn,Image,Tuesday,4,4342,29,160,16,8,903,0.0494
TikTok,Image,Monday,8,68237,21,696,71,17,14460,0.0187
TikTok,Image,Saturday,20,279,8,3,0,0,32,0.0221
TikTok,Text,Wednesday,6,588,8,4,0,0,123,0.0096
LinkedIn,Video,Monday,5,8646,28,451,40,21,4601,0.0778
LinkedIn,Image,Thursday,20,14889,25,1271,115,67,7092,0.1204
Instagram,Text,Tuesday,13,3594,28,19,1,1,824,0.0109
Instagram,Video,Wednesday,23,1053,19,14,1,0,505,0.0205
TikTok,Text,Sunday,12,18690,24,121,12,9,3423,0.0118
Facebook,Carousel,Saturday,11,3943,27,18,2,1,650,0.006
Facebook,Video,Wednesday,19,44574,7,231,10,9,25503,0.0104
Instagram,Text,Sunday,19,1751,2,13,1,0,1007,0.0106
Instagram,Image,Friday,21,4839,9,65,6,4,968,0.0226
Facebook,Carousel,Tuesday,20,17296,5,139,13,8,9035,0.0106
Facebook,Image,Thursday,3,10881,24,35,1,0,4817,0.0051
TikTok,Video,Monday,7,1108,18,25,2,0,368,0.0364
LinkedIn,Image,Sunday,16,37619,26,1071,35,46,5735,0.0388
Instagram,Text,Sunday,13,77272,17,361,21,16,11122,0.0093
TikTok,Video,Thursday,11,20914,25,334,30,25,3390,0.0312
Facebook,Image,Monday,4,122757,27,333,34,11,62288,0.0038
Instagram,Text,Thursday,16,6965,1,48,3,2,2762,0.0127
LinkedIn,Image,Wednesday,8,17751,20,729,58,43,3802,0.0633
Twitter,Text,Wednesday,5,1038,12,0,0,0,602,0.001
TikTok,Carousel,Friday,11,778,22,20,2,1,241,0.0405
Instagram,Image,Saturday,11,2955,25,10,0,0,1184,0.0065
LinkedIn,Image,Tuesday,8,7798,7,602,42,27,2180,0.1015
LinkedIn,Video,Wednesday,10,38968,0,2483,208,93,8515,0.0942
Instagram,Text,Saturday,7,349,25,1,0,0,158,0.0077
Instagram,Video,Monday,16,17252,24,119,8,8,6539,0.0097
TikTok,Video,Saturday,4,24135,1,248,17,18,6228,0.0192
TikTok,Video,Tuesday,12,155983,0,3314,389,167,35425,0.0356
TikTok,Video,Saturday,7,1982,20,44,1,2,637,0.0286
Facebook,Video,Tuesday,17,7499,0,36,3,2,3631,0.0084
Instagram,Carousel,Thursday,17,21122,12,217,8,12,12667,0.0148
Instagram,Text,Monday,23,4906,8,25,2,1,2761,0.0098
TikTok,Text,Friday,19,56085,3,669,20,21,15884,0.018
TikTok,Carousel,Thursday,15,39948,13,969,80,21,16829,0.0481
Facebook,Image,Friday,20,190,0,1,0,0,74,0.0098
TikTok,Image,Sunday,19,5546,28,64,7,2,835,0.0224
TikTok,Video,Thursday,17,8836,18,181,17,6,5198,0.039
Facebook,Image,Sunday,17,9490,21,15,1,0,5518,0.0031
TikTok,Carousel,Monday,11,1803,0,38,2,1,895,0.0308
LinkedIn,Video,Monday,20,5361,7,642,35,43,1671,0.1632
LinkedIn,Video,Thursday,7,1460,7,126,9,5,276,0.1141
TikTok,Video,Sunday,14,3511,18,39,4,0,1571,0.0174
TikTok,Image,Sunday,18,14544,10,353,35,10,6146,0.0315
LinkedIn,Image,Monday,8,3361,16,114,11,3,1243,0.0656
Facebook,Carousel,Saturday,9,1057,1,3,0,0,341,0.0054
TikTok,Image,Tuesday,22,18181,6,248,9,10,8692,0.0207
TikTok,Carousel,Thursday,13,2059,30,30,2,1,456,0.0294
LinkedIn,Video,Saturday,6,3673,25,177,16,2,923,0.0659
Instagram,Image,Friday,11,8866,25,46,5,3,1603,0.009
Facebook,Image,Thursday,20,9161,11,60,6,3,4534,0.0087
TikTok,Video,Friday,2,4225,29,47,5,2,1435,0.0169
TikTok,Image,Monday,16,3054,15,48,2,1,409,0.0257
Instagram,Video,Thursday,5,4367,18,52,5,1,2295,0.0155
Instagram,Video,Tuesday,17,5883,1,113,3,6,3481,0.0242
Instagram,Video,Monday,19,2553,21,35,3,0,552,0.0204
Instagram,Video,Thursday,14,1692,27,18,0,0,519,0.0168
Facebook,Carousel,Saturday,22,3460,12,14,1,0,674,0.0057
LinkedIn,Video,Tuesday,9,7919,3,614,43,42,1180,0.1168
TikTok,Video,Thursday,9,41661,19,1180,77,90,6939,0.0374
Instagram,Carousel,Monday,17,736,26,4,0,0,308,0.0126
LinkedIn,Text,Monday,16,8501,4,248,18,14,1027,0.0406
Instagram,Carousel,Friday,19,210,14,3,0,0,103,0.0223
TikTok,Image,Friday,17,2508,0,31,3,0,1215,0.0236
LinkedIn,Image,Tuesday,1,2225,2,80,5,5,580,0.0462
Instagram,Image,Tuesday,16,80233,25,821,34,27,45254,0.0147
Instagram,Image,Wednesday,15,1522,8,15,1,0,161,0.013
Twitter,Carousel,Saturday,20,28462,14,36,3,2,12184,0.0017
Instagram,Image,Wednesday,9,108535,3,1033,39,80,37357,0.0135
Instagram,Video,Saturday,14,11627,9,189,17,13,4861,0.0244
Facebook,Video,Tuesday,15,19830,27,97,4,6,8502,0.0084
TikTok,Carousel,Saturday,16,3744,24,43,1,2,440,0.0176
LinkedIn,Video,Tuesday,18,43894,26,4139,311,77,12847,0.1471
LinkedIn,Carousel,Saturday,15,965,21,22,1,0,479,0.0474
Instagram,Image,Thursday,14,3617,6,41,1,1,1445,0.0162
LinkedIn,Video,Wednesday,13,43211,21,3189,244,130,7506,0.1002
TikTok,Image,Tuesday,11,25839,9,490,42,21,4886,0.0344
LinkedIn,Text,Thursday,11,136882,5,7531,452,89,15343,0.0904
Facebook,Video,Monday,21,4371,11,33,2,1,2485,0.0121
LinkedIn,Image,Saturday,18,109,22,6,0,0,18,0.0764
Facebook,Carousel,Thursday,1,30622,30,82,5,5,7167,0.0044
Instagram,Text,Wednesday,5,213,10,1,0,0,123,0.0087
LinkedIn,Text,Tuesday,19,18282,15,1410,60,85,3575,0.0972
TikTok,Video,Friday,16,2409,4,36,1,2,916,0.0264
TikTok,Video,Tuesday,12,70109,17,1860,93,128,22036,0.0388
Instagram,Carousel,Monday,17,234,20,1,0,0,117,0.0122
TikTok,Video,Sunday,13,28671,16,531,51,5,4677,0.0255
LinkedIn,Video,Saturday,9,13045,23,539,19,22,7234,0.0814
TikTok,Image,Saturday,11,297,2,3,0,0,43,0.0165
TikTok,Carousel,Friday,16,4142,28,77,3,4,2057,0.0284
TikTok,Text,Wednesday,21,8442,18,66,4,4,4307,0.0155
TikTok,Carousel,Saturday,5,10799,15,167,11,13,4686,0.0196
LinkedIn,Video,Saturday,22,2224,21,103,3,6,455,0.0879
TikTok,Text,Thursday,20,10432,22,178,12,12,3438,0.0288
TikTok,Image,Wednesday,20,709,3,11,1,0,391,0.0308
LinkedIn,Video,Wednesday,17,830,26,59,6,3,135,0.1125
LinkedIn,Video,Thursday,17,16388,30,671,24,22,8737,0.0785
Instagram,Image,Friday,3,37912,29,167,16,10,16396,0.0058
Instagram,Text,Wednesday,0,4587,11,14,0,0,1405,0.0057
Facebook,Image,Monday,4,13332,8,45,2,3,6359,0.0045
Facebook,Video,Sunday,16,173272,16,849,59,21,27744,0.0071
Instagram,Video,Monday,1,479,18,3,0,0,59,0.012
Twitter,Text,Monday,10,18746,25,14,0,0,9271,0.0013
LinkedIn,Carousel,Thursday,8,107234,16,5242,567,76,61971,0.0959
Instagram,Carousel,Thursday,21,1509,10,20,0,1,486,0.0253
Facebook,Image,Sunday,14,5602,15,15,1,0,2643,0.0039
TikTok,Image,Saturday,20,27169,7,487,34,20,11173,0.028
TikTok,Image,Thursday,8,5958,0,81,2,1,1605,0.0242
Facebook,Image,Saturday,12,3390,25,13,1,0,389,0.0061
LinkedIn,Video,Wednesday,7,2800,13,134,14,8,1131,0.0768
TikTok,Carousel,Sunday,22,22738,0,375,39,4,12182,0.0231
Instagram,Carousel,Monday,13,2138,12,28,1,0,593,0.0181
Twitter,Carousel,Monday,17,11482,15,12,0,0,2134,0.002
LinkedIn,Carousel,Friday,5,1457,0,56,3,2,566,0.0623
Instagram,Video,Monday,8,60096,2,614,65,23,8341,0.0166
TikTok,Text,Saturday,13,17891,26,199,13,6,6997,0.0144
TikTok,Image,Thursday,12,65881,5,2257,76,142,37771,0.0494
TikTok,Image,Tuesday,16,3486,12,50,4,2,984,0.0244
Instagram,Text,Monday,6,1522,3,5,0,0,453,0.0065
TikTok,Video,Friday,10,7043,27,127,13,10,1719,0.0265
Twitter,Image,Friday,22,420578,5,241,25,8,215927,0.001
LinkedIn,Video,Friday,11,416,17,27,1,1,143,0.1203
TikTok,Text,Thursday,10,40055,14,466,20,32,18242,0.0162
Twitter,Video,Wednesday,21,12074,26,19,1,0,6002,0.003
Instagram,Text,Thursday,22,8334,2,66,4,2,2881,0.011
TikTok,Image,Sunday,12,329,17,7,0,0,169,0.032
Facebook,Image,Friday,13,1746,9,5,0,0,367,0.0053
LinkedIn,Carousel,Saturday,17,33790,4,1777,110,117,8088,0.0892
Instagram,Text,Sunday,23,6730,19,22,0,1,3438,0.0064
Facebook,Text,Wednesday,16,7787,2,15,0,0,2136,0.0032
Instagram,Carousel,Friday,17,14558,3,184,9,7,2512,0.0168
LinkedIn,Carousel,Sunday,9,30012,28,1012,112,32,10150,0.0543
Instagram,Image,Friday,3,4404,23,15,1,1,1439,0.0063
Facebook,Image,Thursday,17,27192,25,96,7,4,4661,0.0048
Facebook,Video,Sunday,7,1907,12,7,0,0,872,0.0078
LinkedIn,Text,Tuesday,13,16641,2,753,78,14,6365,0.0581
Facebook,Image,Tuesday,20,29037,11,190,7,11,10073,0.0083
TikTok,Image,Sunday,0,17736,20,149,14,11,8003,0.0107
Instagram,Video,Wednesday,16,213,26,2,0,0,103,0.016
Instagram,Text,Friday,12,13228,6,100,7,7,2749,0.0109
LinkedIn,Image,Tuesday,12,9971,14,591,22,7,4321,0.0881
Facebook,Carousel,Friday,9,822,0,2,0,0,248,0.0048
TikTok,Image,Friday,13,8380,21,127,12,8,3022,0.0256
Twitter,Video,Friday,5,822,5,0,0,0,385,0.001
Instagram,Image,Thursday,0,35703,30,185,5,13,17551,0.0069
Facebook,Image,Saturday,7,12668,29,38,2,0,5520,0.0045
LinkedIn,Text,Sunday,19,8360,29,214,13,5,1654,0.0492
Instagram,Image,Tuesday,10,31419,5,324,33,24,8441,0.0149
LinkedIn,Image,Sunday,18,1581,29,67,3,3,695,0.065
Instagram,Video,Saturday,18,1139,14,17,1,0,625,0.0225
LinkedIn,Video,Wednesday,19,4256,29,323,37,25,1940,0.1359
Twitter,Image,Wednesday,13,2359,21,2,0,0,699,0.0019
Facebook,Carousel,Thursday,9,65428,5,446,44,20,6938,0.0102
Instagram,Image,Thursday,8,1241,9,16,1,0,390,0.0172
Instagram,Image,Friday,0,1534655,14,7207,275,88,197742,0.0068
TikTok,Video,Monday,19,14908,11,311,16,7,8335,0.03
Instagram,Image,Wednesday,18,15711,6,155,14,7,4929,0.0157
TikTok,Carousel,Friday,11,6101,24,134,10,3,2413,0.0342
Instagram,Video,Sunday,3,1020,9,11,0,0,523,0.0145
Instagram,Carousel,Friday,19,1942,27,24,1,0,230,0.0191
Instagram,Carousel,Monday,15,6246,22,47,2,0,1990,0.0135
Facebook,Video,Thursday,22,22450,22,110,7,3,5896,0.0065
LinkedIn,Carousel,Saturday,7,1027,23,45,1,1,315,0.0663
Facebook,Video,Tuesday,19,19009,1,122,10,3,8691,0.0111
Facebook,Video,Monday,18,1327,5,7,0,0,215,0.0105
Facebook,Video,Tuesday,19,3507,10,25,2,1,1625,0.0093
LinkedIn,Text,Monday,10,56224,12,737,23,47,9119,0.017
Facebook,Image,Tuesday,12,25879,25,91,10,1,9119,0.0053
LinkedIn,Text,Friday,22,15226,25,457,39,14,7737,0.0427
TikTok,Video,Saturday,16,49906,28,603,54,8,18686,0.024
Instagram,Video,Wednesday,12,6847,27,98,5,3,971,0.0211
TikTok,Carousel,Wednesday,4,18243,19,257,22,6,5640,0.0201
Facebook,Video,Friday,10,7778,30,24,1,1,2938,0.006
Instagram,Image,Monday,11,858,6,7,0,0,367,0.0134
Twitter,Image,Sunday,7,114526,14,60,4,3,51753,0.001
TikTok,Image,Monday,18,763,8,19,2,1,116,0.0371
Instagram,Text,Saturday,21,928,1,8,0,0,344,0.0127
Twitter,Video,Monday,20,18899,30,17,0,0,2765,0.0017
LinkedIn,Text,Thursday,20,8787,13,722,36,34,3825,0.1029
LinkedIn,Video,Sunday,8,13887,0,686,33,19,3107,0.0861
Instagram,Image,Wednesday,8,88735,11,990,108,36,30768,0.0186
Instagram,Carousel,Wednesday,16,29843,16,292,18,21,11705,0.0188
TikTok,Video,Thursday,21,4313,27,155,16,6,1585,0.0522
Instagram,Carousel,Tuesday,19,3949,0,33,2,0,1364,0.0145
Twitter,Video,Sunday,18,7761,28,7,0,0,4433,0.0017
LinkedIn,Carousel,Sunday,17,4929,9,189,14,8,1372,0.0667
TikTok,Carousel,Monday,19,20405,24,444,28,12,4405,0.0316
TikTok,Text,Saturday,15,991,26,7,0,0,469,0.0114
TikTok,Image,Friday,13,88618,11,1272,87,78,47099,0.0222
TikTok,Carousel,Saturday,7,2795,3,26,1,1,622,0.0169
Instagram,Image,Wednesday,10,15883,30,149,14,10,6980,0.0151
TikTok,Carousel,Friday,14,37154,19,585,23,30,5892,0.0239
TikTok,Video,Tuesday,14,12552,21,271,31,17,5091,0.0296
Facebook,Carousel,Wednesday,15,72857,7,333,31,15,37744,0.0091
Facebook,Carousel,Wednesday,7,12081,15,43,2,1,1288,0.0048
TikTok,Image,Tuesday,21,5358,16,157,5,8,734,0.0371
TikTok,Carousel,Sunday,9,2627,22,37,3,1,748,0.021
Instagram,Video,Wednesday,11,13011,11,215,8,3,1617,0.024
LinkedIn,Image,Tuesday,19,25001,16,1538,139,82,11778,0.1135
Instagram,Video,Thursday,12,3894,18,47,4,3,1443,0.0193
Facebook,Video,Friday,18,2272,9,11,0,0,1258,0.009
TikTok,Video,Monday,15,6319,13,126,8,6,2316,0.0255
LinkedIn,Carousel,Friday,10,2377,21,95,7,2,1024,0.0713
Facebook,Carousel,Sunday,23,21990,23,73,3,3,5101,0.0061
TikTok,Text,Sunday,15,9348,10,89,9,2,5145,0.0125
Twitter,Carousel,Tuesday,18,19692,29,36,4,2,9859,0.0025
LinkedIn,Video,Wednesday,9,7002,4,319,19,20,2682,0.09
TikTok,Carousel,Wednesday,1,1723,4,28,0,2,529,0.0253
TikTok,Image,Thursday,23,4783,21,93,4,4,2698,0.0317
Twitter,Video,Friday,16,185,15,0,0,0,65,0.0013
Twitter,Carousel,Wednesday,17,18721,5,21,1,1,7943,0.0018
Instagram,Video,Sunday,16,18851,14,165,17,3,2065,0.0125
Facebook,Image,Wednesday,13,141338,28,508,58,36,55439,0.0052
Facebook,Image,Saturday,15,596,1,1,0,0,240,0.0055
Facebook,Text,Saturday,16,15719,21,30,3,2,2556,0.0032
Instagram,Video,Monday,16,7704,26,66,3,0,4527,0.0167
Facebook,Text,Saturday,10,69682,12,138,10,1,39801,0.0036
Instagram,Image,Thursday,22,630,24,4,0,0,103,0.0126
Instagram,Image,Friday,10,10926,2,106,5,1,5623,0.0123
LinkedIn,Image,Saturday,7,10675,4,660,36,29,1506,0.09
TikTok,Video,Monday,18,2217,5,42,3,3,957,0.0317
Instagram,Video,Sunday,20,1371,15,18,1,0,711,0.0185
TikTok,Text,Tuesday,6,2777,15,38,4,2,986,0.0179
LinkedIn,Image,Saturday,17,12625,11,395,16,19,2432,0.0448
Instagram,Video,Friday,12,11160,17,162,10,10,2526,0.0218
Twitter,Text,Thursday,15,14799,5,12,0,0,7947,0.0012
Instagram,Video,Friday,16,3390,11,35,1,1,677,0.0183
Instagram,Video,Wednesday,4,1988,7,19,1,0,954,0.0128
Instagram,Image,Tuesday,14,13899,11,150,10,8,6691,0.0152
Instagram,Image,Wednesday,16,8365,15,71,2,3,2669,0.0165
Facebook,Video,Wednesday,18,3067,14,19,2,0,1721,0.0089
LinkedIn,Image,Tuesday,12,3630,23,190,17,9,2049,0.0921
TikTok,Video,Friday,18,2319,8,58,3,1,572,0.0406
Instagram,Image,Wednesday,16,1396,26,15,1,0,333,0.0141
Instagram,Text,Thursday,17,368,13,3,0,0,94,0.012
Facebook,Video,Monday,21,4013,28,14,0,0,1595,0.0069
Instagram,Text,Monday,21,1129,5,9,0,0,555,0.0148
TikTok,Text,Thursday,12,32803,27,420,24,24,7735,0.0166
Instagram,Video,Tuesday,16,11381,5,158,6,9,6543,0.0216
Instagram,Carousel,Monday,7,9742,27,64,6,3,5511,0.0109
Facebook,Image,Sunday,17,65435,29,78,4,5,9773,0.0023
Instagram,Image,Wednesday,22,78793,1,786,61,13,14676,0.0143
LinkedIn,Video,Friday,9,63082,0,3915,202,78,9957,0.0845
Instagram,Image,Saturday,8,968,17,6,0,0,327,0.0118
TikTok,Image,Sunday,4,1371,25,11,1,0,262,0.0133
Instagram,Image,Friday,11,490,28,2,0,0,179,0.0111
Instagram,Image,Thursday,9,48126,10,749,79,19,10567,0.02
TikTok,Carousel,Sunday,17,5856,17,67,7,4,2377,0.0187
TikTok,Video,Monday,13,11069,16,291,14,8,4185,0.0451
Instagram,Text,Thursday,12,835,15,7,0,0,453,0.0131
Twitter,Text,Tuesday,10,3816,9,1,0,0,1228,0.001
Facebook,Carousel,Saturday,14,5720,11,33,1,2,1956,0.0076
TikTok,Video,Thursday,8,10195,25,294,27,9,2211,0.0405
Instagram,Text,Saturday,12,5087,19,22,2,1,994,0.0068
TikTok,Image,Wednesday,21,15760,6,236,18,9,2838,0.0253
Instagram,Image,Monday,19,33331,10,546,18,11,8926,0.0221
Instagram,Video,Friday,19,16929,28,193,6,2,6551,0.0183
TikTok,Video,Tuesday,22,2872,7,87,5,4,296,0.043
Instagram,Image,Sunday,9,5638,17,33,2,2,2834,0.0114
Instagram,Video,Friday,6,10023,8,70,4,3,5365,0.012
Facebook,Carousel,Sunday,12,1266,17,5,0,0,221,0.0062
Instagram,Image,Saturday,7,14464,18,83,8,2,8505,0.0096
TikTok,Video,Sunday,10,4008,7,52,5,2,2052,0.0188
TikTok,Video,Saturday,14,11717,3,67,4,4,4142,0.0104
LinkedIn,Text,Tuesday,12,193203,20,6117,538,71,60822,0.0487
Instagram,Video,Friday,19,21920,7,343,13,6,12923,0.0206
LinkedIn,Carousel,Thursday,7,22595,10,1674,148,46,9607,0.1061
Instagram,Video,Tuesday,4,2274,14,34,2,1,242,0.0193
Instagram,Video,Thursday,13,22790,22,404,35,26,6812,0.0274
Facebook,Image,Thursday,15,2541,2,10,0,0,770,0.006
Instagram,Carousel,Thursday,18,743,25,14,1,0,355,0.0276
Instagram,Text,Friday,16,5669,22,27,2,1,1538,0.0082
Instagram,Video,Monday,13,396,27,4,0,0,216,0.0176
Instagram,Video,Thursday,9,8410,26,109,8,5,1198,0.0165
TikTok,Image,Friday,23,3603,14,31,1,2,2119,0.0162
TikTok,Video,Wednesday,20,426,14,10,0,0,168,0.0423
LinkedIn,Image,Thursday,7,108887,21,7036,763,316,50646,0.089
LinkedIn,Video,Thursday,18,7180,24,367,18,17,2597,0.0899
Instagram,Video,Friday,14,10874,16,82,7,5,1313,0.0133
TikTok,Carousel,Saturday,16,1903,30,27,1,1,261,0.0221
Twitter,Text,Thursday,17,388,28,0,0,0,187,0.0011
LinkedIn,Video,Saturday,16,10989,9,664,52,43,2846,0.099
LinkedIn,Video,Monday,5,9116,5,288,34,11,2528,0.0453
TikTok,Video,Monday,12,87135,13,1754,62,117,49688,0.029
LinkedIn,Text,Monday,8,10642,3,254,14,5,4659,0.0314
Instagram,Image,Saturday,5,208477,27,1220,74,80,77165,0.0087
Instagram,Image,Saturday,7,39855,11,324,24,10,13349,0.0119
TikTok,Video,Saturday,13,41887,24,774,88,14,22517,0.0317
Twitter,Video,Saturday,16,6546,13,10,0,0,1142,0.0021
Facebook,Image,Sunday,23,2944,13,8,0,0,1176,0.0043
Twitter,Image,Friday,21,4278,13,4,0,0,573,0.0019
Instagram,Text,Tuesday,19,826,29,8,0,0,340,0.0153
LinkedIn,Video,Friday,16,10011,7,924,34,37,1818,0.1319
Instagram,Video,Sunday,16,38000,29,337,18,7,12814,0.0116
Instagram,Video,Sunday,14,3742,28,31,3,2,1356,0.0116
TikTok,Video,Saturday,13,23619,30,450,44,25,4323,0.0258
Instagram,Carousel,Friday,22,4911,17,29,0,1,2067,0.0116
TikTok,Image,Thursday,15,17917,3,282,12,3,7323,0.0244
Instagram,Image,Friday,13,2108,24,16,0,1,1086,0.0098
Instagram,Image,Wednesday,18,6276,6,89,4,5,1795,0.0191
TikTok,Video,Saturday,5,2456,12,37,2,1,1469,0.0227
Instagram,Carousel,Thursday,23,604,3,9,0,0,281,0.024
LinkedIn,Image,Friday,15,1379,14,69,5,1,649,0.0753
Instagram,Image,Tuesday,4,1696,23,13,0,0,280,0.0125
TikTok,Video,Saturday,12,13630,8,329,24,9,6369,0.0481
Instagram,Image,Wednesday,8,2128,19,17,1,0,1166,0.0126
Instagram,Video,Thursday,6,624,19,7,0,0,142,0.017
TikTok,Video,Thursday,19,1508,18,27,0,1,284,0.0272
LinkedIn,Carousel,Monday,8,2755,25,81,7,4,1375,0.0586
Twitter,Video,Wednesday,15,35744,25,62,6,0,16726,0.0023
Instagram,Video,Wednesday,4,13416,7,107,4,7,4695,0.0141
LinkedIn,Video,Monday,18,2416,6,179,15,13,608,0.0939
Facebook,Carousel,Monday,7,4436,5,24,1,1,2054,0.007
TikTok,Video,Wednesday,17,2318,12,52,2,3,1285,0.0393
TikTok,Carousel,Sunday,18,14825,19,177,17,12,3464,0.0236
Facebook,Video,Thursday,13,26113,27,169,9,12,3884,0.0088
Facebook,Video,Sunday,14,10308,3,52,5,3,1738,0.0086
Twitter,Video,Sunday,18,27592,4,35,3,2,6240,0.0018
Facebook,Video,Sunday,18,48414,11,231,24,11,9421,0.0087
LinkedIn,Image,Sunday,13,2571,21,66,2,2,436,0.0331
LinkedIn,Video,Tuesday,4,9037,19,427,22,32,2251,0.0814
Facebook,Image,Saturday,21,10756,5,26,1,0,1731,0.0044
TikTok,Video,Wednesday,9,11184,18,192,13,12,2212,0.0275
Facebook,Image,Monday,7,10976,23,37,3,1,1106,0.0058
TikTok,Image,Monday,12,2773,3,38,3,2,874,0.0268
Instagram,Image,Tuesday,5,29699,7,284,31,4,6424,0.0132
Facebook,Video,Monday,12,3425,13,27,2,1,1825,0.0113
Instagram,Carousel,Tuesday,3,3368,17,29,2,2,1008,0.015
Facebook,Video,Tuesday,11,21961,10,149,4,4,4844,0.0091
Instagram,Video,Wednesday,12,2104,30,17,1,0,1094,0.0111
TikTok,Carousel,Tuesday,10,2036,24,28,2,0,275,0.026
Twitter,Video,Thursday,20,105318,4,173,12,4,16616,0.0026
Facebook,Image,Monday,19,6332,8,30,1,1,2357,0.0081
Instagram,Carousel,Tuesday,8,53181,20,530,47,9,15994,0.016
Facebook,Video,Monday,4,6626,1,22,1,1,1130,0.006
Facebook,Video,Sunday,16,244,23,0,0,0,89,0.0031
LinkedIn,Carousel,Sunday,19,5980,9,378,23,7,2381,0.0917
Facebook,Image,Monday,12,9032,17,44,3,2,4332,0.0063
LinkedIn,Video,Wednesday,19,4954,21,394,36,12,633,0.1568
LinkedIn,Video,Saturday,8,950,16,46,4,1,211,0.0855
Facebook,Video,Monday,7,13085,27,76,5,1,2396,0.0088
Twitter,Video,Monday,20,449983,17,557,32,25,93726,0.0024
Facebook,Video,Tuesday,12,12658,13,81,4,5,4866,0.01
Facebook,Carousel,Sunday,18,17325,30,89,7,3,6450,0.007
Instagram,Carousel,Monday,4,99072,13,732,45,39,19141,0.0102
LinkedIn,Image,Tuesday,16,4018,11,175,13,6,1633,0.082
Facebook,Video,Tuesday,14,1770,13,9,0,0,211,0.0104
Twitter,Video,Sunday,12,15150,26,15,1,0,7995,0.0013
TikTok,Video,Thursday,17,4797,25,93,6,4,2529,0.0286
TikTok,Text,Wednesday,5,63716,8,476,45,31,10166,0.01
Instagram,Video,Tuesday,4,20852,26,115,7,8,9584,0.0079
Twitter,Image,Saturday,14,19344,14,13,0,0,8818,0.0013
Facebook,Image,Wednesday,21,17315,5,127,10,6,5971,0.0105
TikTok,Video,Friday,18,3338,24,90,6,6,1585,0.0438
Facebook,Video,Saturday,21,8159,10,64,2,2,2187,0.0109
Twitter,Video,Monday,16,6159,20,5,0,0,2025,0.0016
TikTok,Carousel,Thursday,6,3895,6,71,7,1,1512,0.028
Instagram,Video,Thursday,12,74068,16,1096,57,18,21970,0.0189
LinkedIn,Text,Friday,15,1270,3,27,1,1,740,0.0353
Twitter,Text,Sunday,9,48994,21,28,1,0,9057,0.001
Instagram,Image,Monday,13,11016,16,102,6,7,4181,0.0162
TikTok,Video,Wednesday,18,44210,21,947,61,65,12066,0.0426
Instagram,Carousel,Monday,12,13271,27,167,6,5,2666,0.0184
Twitter,Carousel,Wednesday,10,19110,14,17,1,0,5027,0.0016
TikTok,Video,Wednesday,20,14730,9,370,23,11,1748,0.05
TikTok,Image,Thursday,12,6187,28,115,13,6,1742,0.0258
Twitter,Video,Monday,8,22132,30,19,0,0,6629,0.0017
Instagram,Video,Saturday,23,61488,30,584,59,23,32881,0.0155
Instagram,Text,Sunday,17,21296,15,59,3,1,11971,0.0052
Instagram,Video,Monday,7,1425,1,10,1,0,568,0.0113
LinkedIn,Image,Monday,9,810,28,29,2,1,384,0.068
TikTok,Image,Sunday,21,20503,24,476,33,20,6007,0.0306
Twitter,Carousel,Saturday,20,20696,6,24,0,1,5291,0.0022
TikTok,Image,Friday,20,1945,4,27,2,1,415,0.0239
Instagram,Video,Tuesday,19,7887,10,108,7,3,2176,0.0266
LinkedIn,Image,Monday,18,2276,1,93,9,1,759,0.0814
LinkedIn,Image,Sunday,10,1893,18,72,7,5,426,0.057
TikTok,Text,Sunday,10,22376,29,163,11,4,12965,0.0112
Instagram,Image,Saturday,22,18600,18,169,11,6,8649,0.0122
TikTok,Video,Thursday,10,5516,29,117,7,5,3060,0.0271
Instagram,Carousel,Wednesday,17,151971,29,2003,64,94,67500,0.0179
LinkedIn,Video,Tuesday,9,159931,12,14762,1741,1029,55842,0.1676
LinkedIn,Video,Wednesday,6,3648,20,140,14,9,389,0.0711
Facebook,Video,Monday,19,71676,17,423,43,11,15209,0.0098
TikTok,Video,Wednesday,8,8791,26,93,8,5,4714,0.0204
Instagram,Image,Sunday,18,2602,14,22,2,0,1517,0.0139
Twitter,Video,Thursday,17,3919,27,4,0,0,626,0.0021
Instagram,Video,Sunday,12,1055,15,8,0,0,619,0.0137
TikTok,Image,Saturday,16,4142,0,71,4,3,430,0.023
TikTok,Text,Wednesday,8,6577,6,74,8,1,1312,0.0211
TikTok,Image,Tuesday,7,1850,6,24,2,0,524,0.0214
TikTok,Text,Wednesday,12,528,22,5,0,0,76,0.016
LinkedIn,Video,Saturday,17,4471,21,177,11,5,1997,0.0791
Facebook,Video,Sunday,20,44822,14,369,25,18,4528,0.0133
Instagram,Image,Saturday,20,150619,16,1319,67,58,38425,0.017
Instagram,Image,Monday,4,149236,9,588,26,18,61269,0.0062
TikTok,Text,Thursday,6,38280,17,366,26,17,4485,0.0138
LinkedIn,Video,Saturday,13,1696,13,115,5,1,665,0.0849
TikTok,Image,Friday,13,12618,26,166,14,2,1970,0.0176
Instagram,Video,Tuesday,21,5134,25,82,5,3,1982,0.0203
Twitter,Text,Tuesday,11,13112,0,10,0,0,7699,0.0011
Twitter,Video,Wednesday,17,8595,16,10,0,0,3388,0.0022
Instagram,Video,Saturday,17,2973,13,30,3,1,760,0.0159
TikTok,Video,Saturday,21,19152,21,444,15,15,8301,0.0392
Instagram,Video,Wednesday,20,6706,14,111,10,7,1490,0.0317
TikTok,Carousel,Wednesday,11,146385,10,2589,224,30,67390,0.0307
TikTok,Image,Tuesday,11,2170,23,39,1,0,416,0.0271
Instagram,Image,Friday,1,9354,25,43,2,2,2217,0.0077
Instagram,Carousel,Wednesday,20,35301,27,593,32,34,8927,0.0238
Facebook,Image,Sunday,16,13157,19,51,4,3,1685,0.0053
LinkedIn,Text,Thursday,16,10929,1,395,17,23,2054,0.0537
Instagram,Image,Tuesday,13,21969,7,241,19,8,11343,0.0143
TikTok,Text,Friday,12,1923,17,13,1,0,1053,0.0118
Instagram,Carousel,Monday,16,11742,21,69,5,2,1591,0.0107
Facebook,Video,Sunday,6,62185,4,137,12,3,9253,0.0041
Instagram,Text,Friday,7,5011,7,20,0,0,758,0.0073
Instagram,Image,Thursday,15,17175,20,156,18,9,3809,0.0115
Facebook,Video,Wednesday,20,5879,15,47,1,2,876,0.0144
TikTok,Text,Friday,20,2144,2,27,3,1,987,0.0222
Instagram,Carousel,Friday,17,4516,2,31,3,2,2412,0.0091
Instagram,Video,Tuesday,21,26576,30,300,16,16,15486,0.0201
Twitter,Image,Thursday,16,9049,16,7,0,0,2084,0.0014
Instagram,Image,Wednesday,16,1366,30,11,0,0,175,0.0108
Instagram,Image,Tuesday,9,6297,1,35,4,1,3000,0.0082
TikTok,Video,Saturday,14,8005,25,131,13,6,4349,0.0261
TikTok,Image,Sunday,21,14353,0,182,9,7,3913,0.0183
Instagram,Image,Tuesday,7,5440,23,47,1,0,2139,0.0161
TikTok,Image,Tuesday,18,3152,27,55,6,2,595,0.0305
TikTok,Image,Friday,19,798,26,12,0,0,161,0.0218
LinkedIn,Image,Sunday,14,1640,9,73,8,0,651,0.0587
LinkedIn,Image,Monday,13,12368,10,810,63,43,4594,0.0834
Instagram,Image,Tuesday,21,1118,9,11,0,0,633,0.0191
Twitter,Video,Wednesday,5,21557,3,17,0,0,4801,0.001
LinkedIn,Carousel,Wednesday,0,2178,15,78,5,1,798,0.0709
Twitter,Carousel,Friday,9,3046,7,1,0,0,824,0.0011
TikTok,Video,Saturday,20,12573,20,307,10,5,5237,0.0338
Facebook,Image,Friday,19,19265,12,101,7,7,10670,0.0072
Instagram,Text,Thursday,19,11265,30,50,5,1,4322,0.0083
TikTok,Text,Sunday,17,8573,28,61,6,0,3180,0.0102
TikTok,Image,Saturday,17,13460,6,144,14,6,7133,0.018
Instagram,Image,Monday,22,2474,19,17,1,1,1458,0.0123
TikTok,Image,Saturday,20,177708,25,2640,149,26,103345,0.0257
Twitter,Carousel,Sunday,13,15606,27,14,0,0,4058,0.0013
Facebook,Carousel,Tuesday,20,1823,13,11,1,0,278,0.0112
TikTok,Carousel,Monday,13,1030,16,15,1,0,517,0.0222
TikTok,Video,Tuesday,15,9882,28,233,19,10,3742,0.0306
Twitter,Carousel,Wednesday,10,6469,9,4,0,0,2431,0.0014
TikTok,Image,Tuesday,10,2321,15,30,2,0,1002,0.0224
Instagram,Image,Sunday,11,1008,23,6,0,0,541,0.012
TikTok,Carousel,Wednesday,21,6390,15,132,6,10,3758,0.0395
TikTok,Text,Tuesday,7,7941,14,84,8,3,1596,0.0209
Instagram,Image,Wednesday,19,8741,9,117,6,4,4179,0.0246
TikTok,Video,Tuesday,16,65877,3,1919,149,82,38903,0.0386
LinkedIn,Video,Tuesday,7,158,19,19,1,0,19,0.158
Instagram,Video,Sunday,8,7158,28,63,6,4,936,0.0176
TikTok,Video,Wednesday,4,3636,25,56,4,2,674,0.0239
Instagram,Video,Sunday,14,1814,12,15,0,0,262,0.0152
Instagram,Video,Saturday,19,10480,4,127,13,3,1428,0.0213
LinkedIn,Image,Tuesday,14,29721,28,1090,63,71,13103,0.0569
Facebook,Carousel,Thursday,11,22167,4,131,8,2,11066,0.0097
LinkedIn,Video,Saturday,11,8717,15,251,18,9,5108,0.0575
Instagram,Image,Wednesday,12,1517,6,19,1,0,280,0.0182
Instagram,Video,Saturday,5,1169,10,6,0,0,479,0.0117
LinkedIn,Carousel,Monday,20,148201,5,5612,624,76,78810,0.0593
TikTok,Text,Wednesday,11,221525,20,2823,177,194,43744,0.0221
Facebook,Image,Wednesday,5,1791,4,2,0,0,450,0.0024
LinkedIn,Text,Sunday,10,3030,22,66,6,2,1038,0.0369
Facebook,Image,Saturday,14,41384,27,114,10,3,11218,0.0043
Instagram,Image,Tuesday,17,9192,15,83,5,1,1807,0.0137
Twitter,Image,Thursday,20,910,13,0,0,0,437,0.0018
Twitter,Carousel,Wednesday,17,39054,12,40,2,3,15548,0.002
LinkedIn,Video,Thursday,1,15106,13,772,89,57,3861,0.0806
Instagram,Carousel,Thursday,9,198,18,1,0,0,101,0.0116
LinkedIn,Video,Saturday,8,11484,16,564,29,23,4757,0.0967
LinkedIn,Carousel,Friday,19,137046,22,8445,360,346,52176,0.0893
Facebook,Image,Thursday,20,24187,6,175,6,12,6398,0.0095
TikTok,Image,Monday,18,3222,5,47,2,3,1570,0.0275
LinkedIn,Carousel,Saturday,23,2866,8,143,6,10,1385,0.0796
Instagram,Image,Saturday,18,7382,2,47,4,1,4260,0.0094
Facebook,Carousel,Saturday,2,34011,30,122,4,5,17704,0.0056
Twitter,Image,Saturday,13,3103,22,2,0,0,1382,0.0013
Facebook,Text,Wednesday,19,8834,2,31,3,1,4522,0.0045
LinkedIn,Text,Saturday,17,21699,16,819,78,44,6073,0.0521
TikTok,Text,Tuesday,13,5059,8,57,5,1,1489,0.0218
TikTok,Text,Sunday,2,22782,6,101,7,1,3243,0.0085
Facebook,Carousel,Monday,9,20401,6,107,3,1,10758,0.0069
LinkedIn,Carousel,Sunday,22,4158,6,207,9,3,2491,0.0675
Instagram,Carousel,Saturday,11,4448,3,44,2,3,2375,0.0166
TikTok,Video,Tuesday,16,17626,29,266,19,4,6690,0.026
TikTok,Video,Thursday,18,6206,9,107,3,3,2339,0.0301
Instagram,Video,Tuesday,9,1829,17,16,0,0,695,0.0166
TikTok,Image,Sunday,15,1228,19,16,1,0,353,0.0165
Twitter,Image,Wednesday,21,4659,20,5,0,0,910,0.0019
Facebook,Image,Wednesday,11,15576,8,65,3,4,6087,0.0078
TikTok,Image,Thursday,8,166,8,4,0,0,32,0.0375
Instagram,Image,Friday,3,12537,6,65,4,3,1963,0.0086
TikTok,Image,Tuesday,18,5949,23,103,10,4,3360,0.0276
Twitter,Video,Monday,21,2454,13,4,0,0,1343,0.0027
Instagram,Image,Thursday,18,1071,13,12,0,0,386,0.0194
Instagram,Video,Friday,10,705,10,12,1,0,187,0.0251
LinkedIn,Video,Saturday,9,30095,1,1972,160,103,10881,0.0875
Facebook,Video,Saturday,17,17535,9,79,2,2,4837,0.0064
TikTok,Video,Wednesday,19,702,8,18,1,0,284,0.0401
TikTok,Video,Sunday,0,3935,26,33,1,0,840,0.0116
TikTok,Image,Saturday,8,16540,7,176,14,12,9004,0.0167
LinkedIn,Video,Tuesday,19,8545,26,649,19,6,2634,0.1184
Instagram,Carousel,Friday,22,10538,26,71,8,4,1444,0.0105
Twitter,Image,Monday,6,382414,5,362,16,8,213227,0.0012
TikTok,Video,Monday,7,3756,24,71,8,1,2030,0.0248
TikTok,Video,Thursday,19,9790,25,217,6,6,3857,0.0406
Instagram,Image,Friday,14,44565,27,296,30,20,16724,0.0085
Facebook,Video,Monday,6,1543,7,8,0,0,230,0.0071
LinkedIn,Image,Wednesday,14,19288,29,1024,82,23,2890,0.0711
Instagram,Carousel,Monday,14,8777,29,70,7,4,4968,0.0119
Facebook,Carousel,Tuesday,19,3362,20,17,1,0,1196,0.0085
Twitter,Text,Tuesday,12,12906,8,8,0,0,6099,0.001
TikTok,Video,Sunday,12,212262,2,2568,292,188,104145,0.0213
Instagram,Video,Wednesday,18,1189,27,16,0,0,544,0.0191
TikTok,Video,Monday,22,2259,19,40,4,1,443,0.0296
Instagram,Carousel,Thursday,3,46069,0,482,19,33,15729,0.0134
LinkedIn,Image,Friday,21,6272,27,190,5,6,1949,0.041
Instagram,Video,Thursday,16,25623,11,368,37,13,14135,0.0247
Instagram,Video,Thursday,8,2262,11,33,2,1,1283,0.0191
Instagram,Video,Thursday,20,166266,11,3168,300,222,71002,0.0326
TikTok,Video,Wednesday,13,9307,11,233,13,12,3432,0.0345
Instagram,Video,Monday,18,4628,27,43,4,1,1496,0.0186
Instagram,Carousel,Saturday,14,47871,29,448,29,34,20156,0.0142
Instagram,Video,Saturday,21,5393,3,67,5,3,2830,0.0241
Instagram,Video,Saturday,19,10384,28,99,10,3,3268,0.0128
TikTok,Video,Friday,22,2489,2,45,3,2,1383,0.0237
TikTok,Image,Wednesday,17,730,21,7,0,0,109,0.0163
LinkedIn,Video,Monday,19,2242,15,212,10,3,623,0.1245
LinkedIn,Image,Monday,10,15491,12,702,67,37,1571,0.0867
Instagram,Carousel,Thursday,15,1092,25,15,1,0,471,0.0248
Facebook,Image,Monday,7,6254,22,18,0,0,3371,0.0059
TikTok,Text,Sunday,9,36036,14,309,20,13,3877,0.0129
Instagram,Image,Friday,7,4259,15,30,1,1,1346,0.013
LinkedIn,Video,Tuesday,19,10846,0,1065,70,44,2698,0.1702
Instagram,Image,Wednesday,16,3534,2,33,3,0,983,0.0121
LinkedIn,Carousel,Tuesday,17,6498,20,242,28,14,1338,0.0566
Instagram,Carousel,Friday,14,10675,17,109,4,5,5761,0.0133
TikTok,Image,Saturday,9,14552,8,179,16,3,4994,0.0193
LinkedIn,Text,Monday,23,29490,20,1038,84,13,12149,0.0549
LinkedIn,Text,Saturday,13,59878,3,2484,273,71,30620,0.0526
TikTok,Image,Thursday,9,5679,26,82,5,4,2340,0.0223
Instagram,Carousel,Tuesday,9,36879,11,486,18,21,21974,0.0182
Facebook,Video,Tuesday,10,6418,14,21,0,0,1459,0.0053
Twitter,Video,Tuesday,14,15940,16,15,1,1,9144,0.0018
TikTok,Video,Tuesday,5,5612,15,103,10,4,3208,0.0293
Twitter,Text,Friday,14,13325,17,9,1,0,7635,0.001
Instagram,Video,Friday,22,20566,16,205,12,10,2808,0.0149
Facebook,Video,Wednesday,11,275862,26,1368,94,92,152494,0.0071
Instagram,Image,Wednesday,19,7738,16,63,3,2,3997,0.0149
Twitter,Image,Wednesday,15,4226,7,4,0,0,2125,0.002
Instagram,Video,Tuesday,13,33155,3,372,16,4,4504,0.0209
LinkedIn,Image,Friday,18,56384,1,3729,320,91,19849,0.122
TikTok,Video,Sunday,15,12499,16,151,13,7,6848,0.0234
LinkedIn,Video,Tuesday,16,6040,8,421,14,31,3119,0.0911
Instagram,Carousel,Tuesday,7,77264,8,666,60,52,31169,0.0172
Instagram,Video,Monday,9,782,21,10,0,0,366,0.0267
Instagram,Image,Monday,8,56069,10,474,19,8,22976,0.0135
LinkedIn,Carousel,Wednesday,10,8044,16,348,34,27,4608,0.0788
Instagram,Text,Thursday,13,47371,14,368,27,18,9215,0.0127
Twitter,Carousel,Thursday,10,622,8,0,0,0,274,0.0017
LinkedIn,Image,Saturday,23,126918,10,4835,569,145,39586,0.0721
LinkedIn,Video,Saturday,15,93719,25,4472,141,260,23494,0.0886
LinkedIn,Video,Saturday,12,1284,20,84,3,4,400,0.083
TikTok,Video,Friday,10,26646,9,498,20,26,8578,0.0335
Instagram,Carousel,Thursday,13,2481,9,36,3,1,818,0.0209
Instagram,Video,Thursday,20,44649,0,606,67,38,14526,0.0266
Facebook,Text,Wednesday,20,3064,25,9,0,0,1343,0.0057
TikTok,Video,Sunday,16,1005,7,15,0,1,285,0.0238
TikTok,Image,Monday,19,17580,9,388,22,4,6878,0.0368
LinkedIn,Text,Tuesday,14,8432,2,312,16,22,4271,0.0518
Twitter,Text,Sunday,6,679,17,0,0,0,356,0.001
Instagram,Carousel,Thursday,14,3090,21,35,3,1,596,0.0198
Instagram,Image,Sunday,19,340,17,3,0,0,156,0.0129
LinkedIn,Text,Tuesday,11,62080,16,3510,187,55,9910,0.0817
Instagram,Image,Friday,19,1559,12,9,0,0,926,0.0113
Instagram,Video,Thursday,9,10031,3,147,11,10,3664,0.0219
Instagram,Carousel,Wednesday,14,63077,22,723,29,43,22086,0.0164
Facebook,Text,Monday,19,6884,16,17,1,0,1268,0.0046
LinkedIn,Carousel,Wednesday,18,1812,0,155,12,8,559,0.1598
LinkedIn,Image,Monday,13,9571,11,483,46,15,1799,0.0887
Facebook,Video,Sunday,10,1740,19,6,0,0,329,0.0066
Twitter,Image,Wednesday,4,3984,28,3,0,0,582,0.001
LinkedIn,Video,Saturday,17,6496,27,414,30,21,1707,0.0879
Twitter,Carousel,Sunday,21,33443,30,27,1,0,15985,0.0016
LinkedIn,Video,Monday,10,2774,4,142,14,8,1322,0.0985
LinkedIn,Carousel,Friday,7,16241,26,800,46,45,1879,0.0836
LinkedIn,Carousel,Friday,11,13518,27,972,74,49,6416,0.1093
Twitter,Video,Sunday,21,12644,17,13,0,0,2335,0.0015
LinkedIn,Carousel,Friday,5,4856,18,255,23,9,2159,0.0675
TikTok,Video,Monday,6,8912,21,131,7,1,3027,0.02
Instagram,Video,Friday,11,5086,2,51,2,3,1591,0.0129
Twitter,Image,Wednesday,8,10353,28,5,0,0,3430,0.001
Facebook,Video,Wednesday,0,23373,6,107,3,5,4253,0.0066
LinkedIn,Video,Tuesday,16,18057,9,1241,54,72,2963,0.0984
TikTok,Video,Friday,17,9456,17,146,5,7,5372,0.0307
Facebook,Text,Tuesday,9,2356,22,5,0,0,617,0.0038
TikTok,Video,Wednesday,16,4468,28,113,6,6,1087,0.0367
Instagram,Image,Saturday,21,8914,17,65,4,3,4132,0.013
Instagram,Text,Sunday,17,3326,24,12,1,0,966,0.0058
Twitter,Video,Tuesday,9,876,15,1,0,0,335,0.002
TikTok,Image,Sunday,18,44501,28,531,36,19,13466,0.0215
Instagram,Carousel,Saturday,20,6402,18,60,3,4,2459,0.0134
TikTok,Video,Tuesday,17,4089,26,67,7,1,1729,0.0325
Instagram,Carousel,Wednesday,13,547,7,4,0,0,108,0.0138
Instagram,Image,Saturday,11,5299,30,24,2,1,2514,0.008
TikTok,Image,Sunday,14,1417,20,16,0,0,531,0.0225
Facebook,Video,Saturday,18,18757,14,114,11,3,2580,0.0091
LinkedIn,Image,Sunday,18,632,27,28,1,0,316,0.0662
Instagram,Text,Monday,19,49236,13,516,43,32,15922,0.0149
TikTok,Image,Saturday,17,2254,2,35,1,2,1198,0.0201
Facebook,Video,Saturday,18,7376,3,33,3,2,915,0.0076
LinkedIn,Image,Monday,7,1798,19,82,9,2,1034,0.0637
Instagram,Image,Saturday,20,171530,25,1411,47,100,44163,0.0151
Instagram,Image,Friday,7,21292,7,147,7,1,2511,0.0132
Twitter,Image,Monday,18,32202,6,41,3,1,10283,0.0023
Facebook,Carousel,Wednesday,10,2161,21,12,1,0,1254,0.0074
LinkedIn,Video,Sunday,21,12836,21,630,71,31,3617,0.0929
Facebook,Video,Sunday,4,6138,19,19,1,1,2066,0.0055
LinkedIn,Image,Friday,8,2495,18,78,7,1,262,0.0494
Facebook,Carousel,Wednesday,11,1183,3,7,0,0,624,0.009
TikTok,Text,Monday,13,12235,24,110,7,6,3909,0.0155
Instagram,Carousel,Sunday,17,4236,10,41,3,1,1761,0.017
Instagram,Text,Wednesday,21,22261,6,150,6,9,2996,0.0118
TikTok,Video,Tuesday,16,537,15,14,0,0,82,0.044
LinkedIn,Carousel,Monday,12,4271,7,313,15,15,714,0.1199
TikTok,Text,Tuesday,8,177498,25,1625,105,21,88852,0.0115
LinkedIn,Video,Tuesday,8,74399,3,6893,217,301,19753,0.1259
LinkedIn,Video,Wednesday,7,517,19,29,2,0,51,0.1053
Instagram,Text,Friday,3,454514,17,2073,209,40,116032,0.0071
LinkedIn,Carousel,Wednesday,9,14000,19,661,76,7,3526,0.0772
Twitter,Video,Monday,9,1692,27,1,0,0,905,0.0018
Instagram,Carousel,Wednesday,22,5859,14,50,3,0,2594,0.014
TikTok,Video,Thursday,17,3172,20,70,8,1,529,0.0289
Instagram,Text,Monday,0,2962,30,8,0,0,785,0.0044
Instagram,Video,Tuesday,10,3715,9,40,2,2,493,0.0154
Instagram,Image,Tuesday,6,67088,13,520,37,37,33907,0.0099
Twitter,Text,Friday,15,9838,17,5,0,0,5269,0.001
Instagram,Video,Wednesday,11,12612,30,129,8,1,3236,0.0141
TikTok,Video,Saturday,13,13998,3,200,6,6,6021,0.0278
LinkedIn,Image,Sunday,17,15644,28,417,47,32,1647,0.0361
LinkedIn,Image,Tuesday,6,5750,10,191,14,8,3166,0.0592
Instagram,Video,Tuesday,17,57417,21,442,17,6,22649,0.0128
TikTok,Carousel,Wednesday,3,12923,5,132,4,7,6528,0.0181
Facebook,Video,Friday,1,8344,30,23,0,0,4052,0.004
Facebook,Image,Saturday,2,16741,8,48,2,0,3357,0.0041
Instagram,Video,Sunday,19,8719,19,123,14,9,2534,0.0187
Instagram,Video,Sunday,13,14707,6,138,4,9,2396,0.0149
Twitter,Text,Sunday,6,5344,3,3,0,0,988,0.001
TikTok,Image,Tuesday,19,1161,14,32,3,2,135,0.0358
TikTok,Image,Saturday,22,7641,23,130,7,9,2561,0.0227
TikTok,Text,Monday,11,35229,30,515,36,7,11908,0.0193
LinkedIn,Image,Tuesday,15,1462,7,74,5,3,270,0.0758
LinkedIn,Text,Saturday,15,50373,9,1753,203,111,29457,0.0543
LinkedIn,Video,Wednesday,15,1080,25,54,3,3,564,0.0831
TikTok,Carousel,Saturday,0,8879,11,70,8,2,2895,0.0126
Instagram,Video,Thursday,10,17481,11,207,17,15,5411,0.0185
Facebook,Video,Wednesday,23,2590,6,13,0,0,1504,0.0078
Instagram,Image,Sunday,16,757,6,5,0,0,336,0.0096
LinkedIn,Text,Saturday,9,18252,19,505,56,37,8568,0.0385
Instagram,Carousel,Friday,22,5346,24,67,3,2,1925,0.0159
Instagram,Video,Monday,2,11982,20,110,11,2,3546,0.014
TikTok,Video,Sunday,10,9267,29,153,8,5,2903,0.0218
Instagram,Video,Wednesday,12,1528,30,12,1,0,608,0.0149
Twitter,Video,Friday,20,44416,1,53,3,2,10293,0.0022
TikTok,Video,Thursday,12,5574,16,84,5,5,2452,0.0298
LinkedIn,Text,Friday,12,78626,4,1439,80,110,36722,0.0331
LinkedIn,Carousel,Saturday,19,1642,15,176,11,6,242,0.1447
Twitter,Video,Saturday,5,420,8,0,0,0,244,0.0015
LinkedIn,Carousel,Wednesday,14,622,12,34,1,0,329,0.0906
Instagram,Carousel,Tuesday,17,1911,4,16,0,0,959,0.0143
Instagram,Carousel,Monday,14,31644,0,326,36,20,11753,0.0166
TikTok,Video,Saturday,12,8095,23,172,18,7,3361,0.0285
Instagram,Image,Tuesday,20,27893,30,232,11,17,16154,0.0157
Instagram,Video,Friday,6,12203,30,113,11,7,3328,0.0135
Instagram,Image,Saturday,17,712,25,4,0,0,286,0.009
Facebook,Image,Friday,14,5996,9,41,3,1,2551,0.0088
Facebook,Text,Thursday,15,2307,16,3,0,0,731,0.0024
TikTok,Video,Thursday,21,16672,0,313,15,14,6217,0.0362
Instagram,Video,Sunday,7,12581,4,118,12,2,5071,0.0188
TikTok,Image,Thursday,17,30637,16,254,25,2,7554,0.0164
Instagram,Image,Sunday,15,360371,28,1915,113,50,83359,0.0071
TikTok,Carousel,Sunday,17,19547,15,248,26,15,10228,0.0178
Instagram,Video,Thursday,20,413,23,6,0,0,190,0.0261
TikTok,Video,Tuesday,9,18518,7,358,23,28,5472,0.0304
Instagram,Video,Friday,9,3828,7,41,1,2,1838,0.0151
TikTok,Text,Wednesday,16,3177,5,36,3,0,838,0.0144
Instagram,Image,Sunday,6,3217,7,20,0,0,741,0.0094
TikTok,Text,Sunday,9,342,29,2,0,0,166,0.0136
TikTok,Video,Thursday,10,5735,14,81,3,1,899,0.0282
TikTok,Text,Saturday,16,1027,0,6,0,0,495,0.0098
TikTok,Video,Sunday,23,30286,12,637,21,11,6103,0.0288
TikTok,Carousel,Saturday,16,3803,23,48,3,1,1573,0.0215
TikTok,Text,Sunday,20,36861,10,295,15,10,11255,0.013
LinkedIn,Image,Sunday,17,1527,24,49,3,1,580,0.0439
Instagram,Video,Thursday,18,10857,13,178,20,7,1243,0.0321
LinkedIn,Image,Saturday,23,128567,3,3476,178,238,63249,0.0425
Facebook,Carousel,Friday,12,148531,10,1070,45,60,15176,0.0093
Twitter,Video,Wednesday,19,356,0,0,0,0,68,0.0028
TikTok,Video,Thursday,1,4347,17,47,5,1,2418,0.0211
Facebook,Carousel,Wednesday,14,14434,3,62,4,1,1644,0.0079
Facebook,Video,Saturday,13,56144,13,305,23,3,22884,0.0081
Facebook,Video,Monday,0,42838,11,145,9,8,6582,0.0064
Instagram,Video,Thursday,6,5627,9,67,4,4,3177,0.0189
TikTok,Text,Saturday,19,8505,8,104,4,6,4139,0.0198
Facebook,Video,Saturday,20,39146,8,256,18,2,14813,0.01
LinkedIn,Image,Sunday,8,71637,21,1520,99,43,13189,0.0311
LinkedIn,Image,Friday,16,47322,20,1799,143,19,21212,0.055
TikTok,Text,Tuesday,14,194246,21,1841,158,30,111862,0.0142
Facebook,Image,Thursday,21,8774,22,52,4,1,2198,0.0095
LinkedIn,Image,Sunday,18,7233,20,482,18,30,2954,0.0862
LinkedIn,Video,Tuesday,9,7586,9,696,44,34,1193,0.1402
Twitter,Image,Tuesday,9,14080,0,9,0,0,6353,0.001
LinkedIn,Text,Saturday,10,3956,12,118,13,5,2015,0.0446
TikTok,Video,Saturday,23,1985,29,23,1,1,1135,0.0166
Facebook,Carousel,Sunday,19,12869,11,74,3,3,1974,0.0076
LinkedIn,Carousel,Tuesday,19,26394,6,2612,188,86,12602,0.1646
TikTok,Video,Friday,20,4561,3,115,12,2,1484,0.0372
Twitter,Carousel,Saturday,11,63698,10,81,3,2,10978,0.0018
Facebook,Video,Friday,9,32639,7,145,12,7,9826,0.0087
LinkedIn,Image,Sunday,20,185650,27,7043,820,275,74360,0.0614
LinkedIn,Text,Monday,14,42704,7,1873,190,81,21208,0.0649
TikTok,Text,Tuesday,8,8275,22,92,5,3,2520,0.018
TikTok,Image,Thursday,16,16823,9,379,18,12,3701,0.0324
LinkedIn,Video,Saturday,18,14851,25,1212,55,35,3606,0.108
Instagram,Text,Thursday,19,63369,16,750,85,7,7851,0.0175
Instagram,Video,Tuesday,17,39540,22,440,50,29,21825,0.0223
Instagram,Text,Thursday,13,17918,16,98,7,3,9647,0.0101
Instagram,Text,Saturday,21,8129,21,49,4,3,4641,0.0083
Instagram,Image,Wednesday,10,30061,26,189,7,9,11004,0.0117
Instagram,Text,Wednesday,14,131,7,0,0,0,27,0.012
Instagram,Carousel,Saturday,16,2321,12,15,1,0,393,0.0133
Instagram,Image,Friday,13,3168,1,23,1,0,1537,0.0107
TikTok,Video,Wednesday,23,2139,23,34,2,0,1032,0.0256
Facebook,Image,Friday,7,1787,16,4,0,0,479,0.0039
Instagram,Image,Sunday,23,8517,25,74,8,5,3592,0.0118
LinkedIn,Image,Sunday,8,669691,16,28382,3274,2076,360199,0.0633
Facebook,Text,Thursday,2,2946,10,6,0,0,1021,0.004
Facebook,Image,Thursday,9,59084,11,208,8,13,16835,0.0053
LinkedIn,Carousel,Tuesday,16,12626,14,677,79,46,2387,0.1028
Twitter,Video,Sunday,18,108222,11,115,9,9,27629,0.0019
TikTok,Carousel,Friday,20,248,7,5,0,0,73,0.0332
TikTok,Image,Sunday,19,38972,15,529,24,32,7572,0.0201
Instagram,Image,Friday,8,8656,16,46,4,2,4244,0.0073
Instagram,Video,Friday,19,578371,20,9254,324,111,109387,0.0206
Twitter,Carousel,Sunday,14,5356,17,4,0,0,2482,0.001
TikTok,Video,Wednesday,14,9103,12,134,14,1,2330,0.0267
Instagram,Video,Monday,14,8600,4,73,7,1,2871,0.0122
Instagram,Image,Saturday,14,27197,17,192,12,14,13288,0.0105
Instagram,Carousel,Tuesday,5,13571,10,126,15,3,5266,0.0133
LinkedIn,Video,Saturday,18,3212,14,146,17,8,840,0.0888
TikTok,Image,Saturday,7,13494,7,154,16,8,3654,0.0187
LinkedIn,Video,Monday,13,668,22,49,2,3,172,0.1035
LinkedIn,Video,Monday,8,3504,3,184,15,12,1925,0.0896
LinkedIn,Video,Sunday,12,244199,9,17222,779,1175,94242,0.0989
LinkedIn,Video,Wednesday,22,9235,22,432,49,15,3064,0.0702
Instagram,Image,Saturday,15,4237,25,21,1,1,1008,0.0088
Instagram,Video,Friday,16,10558,2,119,13,1,6276,0.0177
Twitter,Video,Saturday,7,2756,0,2,0,0,373,0.0013
Instagram,Video,Sunday,11,374,3,2,0,0,215,0.0147
Instagram,Text,Tuesday,10,1084,15,9,0,0,423,0.012
Instagram,Carousel,Wednesday,11,29225,15,463,30,7,3821,0.0212
Instagram,Image,Saturday,18,3937,4,37,2,1,421,0.0122
Instagram,Image,Thursday,8,600,24,4,0,0,179,0.0108
Instagram,Image,Tuesday,5,8649,24,58,4,2,4444,0.0118
Instagram,Video,Sunday,18,1704,28,17,2,1,756,0.0195
Twitter,Carousel,Sunday,12,5703,28,3,0,0,1788,0.001
Instagram,Text,Wednesday,20,1494,28,11,1,0,599,0.0131
Facebook,Carousel,Monday,17,8319,5,30,3,2,2154,0.0059
TikTok,Image,Thursday,9,9539,17,124,5,6,4851,0.0167
LinkedIn,Video,Wednesday,11,1978,1,149,12,5,769,0.1208
TikTok,Carousel,Wednesday,7,69797,29,574,43,18,24719,0.0158
Instagram,Video,Thursday,2,7580,12,77,2,2,1172,0.0178
LinkedIn,Video,Saturday,12,825,23,54,5,3,171,0.0997
LinkedIn,Carousel,Friday,14,8102,4,455,40,17,1404,0.0995
TikTok,Video,Wednesday,9,18018,23,299,28,18,3047,0.026
Twitter,Carousel,Monday,15,6723,8,7,0,0,2112,0.0014
LinkedIn,Image,Monday,10,1484,21,88,5,1,840,0.0804
TikTok,Video,Wednesday,19,12065,7,292,10,16,6872,0.0463
Instagram,Carousel,Sunday,22,5591,19,53,6,1,2700,0.0131
TikTok,Video,Wednesday,17,55465,7,1537,102,26,30671,0.0543
Instagram,Image,Monday,14,5744,6,51,1,1,2060,0.0138
Instagram,Video,Saturday,18,2300,7,33,3,1,581,0.02
TikTok,Video,Sunday,16,8373,3,159,8,10,4844,0.0254
LinkedIn,Image,Wednesday,14,29646,22,1187,86,94,17490,0.0528
Facebook,Image,Monday,19,1870,27,8,0,0,200,0.0086
Facebook,Video,Saturday,6,50033,21,162,16,2,20587,0.0044
Instagram,Video,Monday,22,9502,26,82,3,4,2527,0.0134
Instagram,Carousel,Monday,15,28422,10,307,17,19,5759,0.0212
LinkedIn,Image,Saturday,16,68225,17,2091,169,74,38756,0.0489
Instagram,Carousel,Tuesday,9,11163,6,85,10,5,5292,0.0136
Facebook,Text,Friday,17,7418,4,16,1,0,3875,0.0033
Instagram,Video,Thursday,11,6165,4,106,12,3,3414,0.0297
TikTok,Image,Monday,16,21368,2,418,50,28,11682,0.0309
Facebook,Video,Tuesday,0,3053,14,13,1,0,1738,0.0062
Instagram,Video,Thursday,5,6461,4,60,4,2,3644,0.0121
TikTok,Image,Tuesday,7,54748,23,743,37,38,21096,0.0194
TikTok,Image,Saturday,11,20852,5,367,22,18,10755,0.0298
Twitter,Carousel,Sunday,8,55735,29,42,2,2,14268,0.0011
Twitter,Text,Wednesday,10,5935,10,4,0,0,3138,0.0013
Facebook,Text,Friday,9,42769,5,149,14,11,11057,0.0045
Twitter,Image,Thursday,18,13394,28,15,1,0,1385,0.0019
Instagram,Video,Saturday,16,6320,1,66,3,3,1271,0.0147
Instagram,Image,Wednesday,20,12693,10,212,11,10,1902,0.0218
Twitter,Video,Wednesday,10,3463,3,5,0,0,1892,0.0027
Facebook,Carousel,Sunday,12,290,13,2,0,0,66,0.01
Instagram,Image,Wednesday,7,58231,23,591,65,44,29330,0.0156
LinkedIn,Video,Saturday,7,238423,17,12163,1359,139,65329,0.0883
LinkedIn,Carousel,Saturday,16,3147,23,173,8,3,900,0.0971
Facebook,Carousel,Monday,12,2097,8,8,0,0,637,0.0065
Instagram,Image,Sunday,9,395,5,2,0,0,136,0.0111
Instagram,Video,Tuesday,18,40928,0,999,43,68,4411,0.0322
LinkedIn,Image,Tuesday,9,2804,1,152,6,8,1075,0.1078
LinkedIn,Video,Saturday,21,4925,2,496,54,34,2573,0.1313
TikTok,Video,Friday,9,932,7,20,2,0,380,0.0282
TikTok,Image,Wednesday,3,2033,13,37,2,0,434,0.0244
TikTok,Image,Wednesday,5,4348,19,67,6,2,1278,0.0216
TikTok,Image,Thursday,7,1171,0,17,1,0,386,0.0226
LinkedIn,Text,Wednesday,8,9795,5,217,12,4,1984,0.0376
Facebook,Video,Friday,16,10662,28,39,3,1,3954,0.0051
Instagram,Carousel,Wednesday,9,4039,20,63,4,2,1176,0.0231
LinkedIn,Image,Wednesday,19,70188,10,6059,331,292,14529,0.1152
TikTok,Video,Saturday,14,14233,3,240,27,7,8014,0.0225
Facebook,Text,Monday,1,8628,27,17,1,0,3749,0.0038
Twitter,Carousel,Wednesday,22,43596,18,47,4,2,5258,0.0015
LinkedIn,Video,Friday,11,450,11,28,2,0,69,0.081
TikTok,Video,Saturday,17,10507,27,145,8,9,5161,0.0206
TikTok,Video,Saturday,20,30288,28,430,48,13,17815,0.0249
Instagram,Text,Monday,12,6869,17,39,3,1,3436,0.0111
Instagram,Image,Saturday,8,3861,7,20,2,1,1505,0.0081
Instagram,Carousel,Sunday,7,2768,12,32,3,1,1424,0.0161
Twitter,Text,Saturday,21,571,17,0,0,0,181,0.0016
Instagram,Carousel,Tuesday,19,16681,18,167,16,6,4423,0.0194
TikTok,Video,Thursday,16,709,28,17,1,1,245,0.0382
Instagram,Image,Tuesday,19,2466,10,34,3,0,628,0.0274
LinkedIn,Video,Sunday,14,21279,1,1686,127,93,7475,0.1095
TikTok,Video,Thursday,16,100246,12,2129,172,27,18884,0.0285
Facebook,Image,Friday,9,12711,25,44,1,1,4825,0.0049
Instagram,Image,Thursday,18,3017,10,36,3,1,749,0.0168
Facebook,Text,Saturday,13,5597,8,16,1,0,2501,0.0046
Facebook,Text,Tuesday,7,2103,19,5,0,0,841,0.0033
Instagram,Text,Tuesday,19,696,11,4,0,0,252,0.0131
Twitter,Text,Saturday,17,165088,26,116,5,4,91652,0.001
TikTok,Image,Thursday,18,2286,12,50,4,0,1184,0.0419
Facebook,Image,Tuesday,9,12919,5,43,3,1,1518,0.0051
Instagram,Video,Monday,14,20509,19,195,10,12,3764,0.0183
LinkedIn,Carousel,Monday,13,27103,22,2722,212,156,14548,0.1411
TikTok,Image,Tuesday,20,112135,26,1472,120,102,33537,0.0256
TikTok,Carousel,Friday,10,9862,14,120,10,7,4769,0.0229
Twitter,Image,Sunday,16,878,11,0,0,0,372,0.0011
Instagram,Image,Saturday,20,6373,1,60,6,2,3596,0.0134
LinkedIn,Image,Saturday,13,3381,8,137,12,9,823,0.0643
Instagram,Image,Monday,1,5503,4,42,2,3,1876,0.0128
LinkedIn,Image,Tuesday,9,15415,16,908,34,39,3034,0.0863
Instagram,Carousel,Friday,10,6497,29,49,2,2,3543,0.015
Instagram,Text,Friday,12,26150,27,118,5,4,6416,0.0084
LinkedIn,Text,Sunday,12,41238,1,949,77,50,12477,0.0356
TikTok,Carousel,Thursday,22,85924,23,1399,113,101,29007,0.0281
Twitter,Video,Tuesday,17,204,30,0,0,0,111,0.0011
TikTok,Image,Thursday,12,255,17,6,0,0,82,0.037
LinkedIn,Video,Tuesday,9,3403,28,191,9,4,364,0.0997
Facebook,Text,Thursday,15,9708,0,27,1,2,1475,0.0047
TikTok,Video,Friday,19,27493,2,668,31,47,13876,0.0309
Twitter,Image,Thursday,7,6198,25,4,0,0,2663,0.0013
TikTok,Carousel,Tuesday,18,2146,0,41,3,1,760,0.0341
Facebook,Carousel,Tuesday,7,10676,30,61,1,3,1843,0.0087
Facebook,Text,Friday,19,802,6,2,0,0,291,0.0051
TikTok,Image,Thursday,19,8897,8,168,9,10,2156,0.0264
Facebook,Video,Friday,18,54175,1,256,23,6,26959,0.0076
LinkedIn,Image,Monday,22,84481,0,4397,238,249,42508,0.0679
Instagram,Image,Saturday,22,29093,21,218,8,5,3037,0.0105
LinkedIn,Video,Sunday,12,73332,20,3008,272,83,8013,0.0734
LinkedIn,Image,Friday,20,2158,24,91,8,5,343,0.0624
Facebook,Carousel,Wednesday,16,16759,22,68,2,2,2570,0.0058
Facebook,Carousel,Monday,2,788,3,2,0,0,459,0.0051
LinkedIn,Text,Friday,19,6972,24,254,20,4,1158,0.0556
LinkedIn,Carousel,Sunday,4,237,19,9,0,0,107,0.052
Instagram,Carousel,Saturday,22,2612,15,18,2,0,1245,0.0135
TikTok,Image,Tuesday,18,29537,7,895,59,69,4156,0.0404
TikTok,Image,Saturday,16,147826,1,1609,166,25,78014,0.0186
Instagram,Carousel,Saturday,13,474,15,4,0,0,205,0.0175
TikTok,Carousel,Thursday,16,2668,12,33,1,0,1135,0.0166
Instagram,Text,Tuesday,16,2814,2,18,1,1,1236,0.0094
Instagram,Image,Thursday,8,5294,17,69,7,2,1082,0.0172
Facebook,Image,Sunday,4,39997,14,74,3,2,23318,0.0037
Twitter,Text,Wednesday,5,2751,2,2,0,0,1241,0.001
LinkedIn,Text,Tuesday,12,15945,28,559,25,41,2332,0.0572
LinkedIn,Video,Monday,22,26115,22,1211,138,74,8590,0.0731
LinkedIn,Carousel,Monday,15,2432,21,108,4,5,551,0.0579
Facebook,Video,Monday,8,45579,23,258,19,18,17960,0.0078
Twitter,Image,Wednesday,10,29951,20,25,1,1,17375,0.0014
Instagram,Text,Sunday,14,9533,0,49,1,2,1294,0.0068
LinkedIn,Video,Thursday,7,54584,0,3385,102,132,25335,0.1066
Facebook,Text,Saturday,16,2581,30,5,0,0,1474,0.0029
TikTok,Video,Friday,12,1405,0,22,1,1,834,0.0302
TikTok,Image,Sunday,9,2312,7,23,2,0,983,0.0178
Instagram,Video,Sunday,14,610,28,4,0,0,222,0.013
